field, topic_number, topic_description
Epistemology, 1, Inference
Epistemology, 2, Scepticism
Epistemology, 3, Reasons
Epistemology, 4, Science
Epistemology, 5, Belief
Epistemology, 6, Knowledge
Epistemology, 7, Seems
Epistemology, 8, Credence
Epistemology, 9, Intuition
Epistemology, 10, Virtue
Epistemology, 11, Justification
Epistemology, 12, Reliabilism
Ethics, 1, Reasons
Ethics, 2, Responsibility
Ethics, 3, Virtue
Ethics, 4, Group Intention
Ethics, 5, Social
Ethics, 6, Reactive Attitudes
Ethics, 7, Justice
Ethics, 8, Harm
Ethics, 9, Intrinsic Value
Ethics, 10, Desire
Ethics, 11, Realism
Ethics, 12, Formal Ethics
Language, 1, Frege and Russell
Language, 2, Relativism and Contextualism
Language, 3, Conditionals
Language, 4, Names and Substitution
Language, 5, Quine
Language, 6, Fiction
Language, 7, Speech Acts
Language, 8, Indexicals
Language, 9, Logic and Language
Language, 10, Mind and Language
Language, 11, Modality
Language, 12, Descriptions
Metaphysics, 1, Causation
Metaphysics, 2, Grounding
Metaphysics, 3, Modality
Metaphysics, 4, Mathematics
Metaphysics, 5, Mind
Metaphysics, 6, Time
Metaphysics, 7, Sets
Metaphysics, 8, Phenomenal Properties
Metaphysics, 9, Substance
Metaphysics, 10, Truthmaking
Metaphysics, 11, Natural Kinds
Metaphysics, 12, Physics
Mind, 1, Seeing
Mind, 2, Hallucination
Mind, 3, Dispositions,
Mind, 4, Direct Realism
Mind, 5, Nativism
Mind, 6, Action
Mind, 7, Color
Mind, 8, Emotion
Mind, 9, Knowledge Argument
Mind, 10, Functions
Mind, 11, Perceptual Content
Mind, 12, Consciousness


